model,condition,task,irregular_acc,regular_acc,risk_difference,z_stat,p_value,irregular_ci_low,irregular_ci_high,regular_ci_low,regular_ci_high,p_value_fdr,significant_fdr_0_05,cohens_h
gpt-4.1,direct,digit_to_word,1.0,0.9941176470588236,0.00588235294117645,0.42113819004080705,0.6736541759112604,0.8864866068260311,1.0,0.9674369162419416,0.9989608644697399,0.6736541759112604,False,0.15354378253955492
gpt-4.1,direct,pattern_classification,1.0,0.5647058823529412,0.43529411764705883,4.552833328436987,5.292820514334671e-06,0.8864866068260311,1.0,0.4895610771573027,0.6369910131739889,1.5878461543004014e-05,True,1.4410205938397131
gpt-4.1,direct,word_to_digit,1.0,1.0,0.0,,,0.8864866068260311,1.0,0.9779025161963444,0.9999999999999998,,False,0.0
gpt-4.1,reasoned,digit_to_word,1.0,0.9941176470588236,0.00588235294117645,0.42113819004080705,0.6736541759112604,0.8864866068260311,1.0,0.9674369162419416,0.9989608644697399,0.6736541759112604,False,0.15354378253955492
gpt-4.1,reasoned,pattern_classification,1.0,0.5764705882352941,0.42352941176470593,4.455663943395035,8.363395462530616e-06,0.8864866068260311,1.0,0.5013096582922023,0.6482519030084151,1.6726790925061233e-05,True,1.4172525442553405
gpt-4.1,reasoned,word_to_digit,1.0,1.0,0.0,,,0.8864866068260311,1.0,0.9779025161963444,0.9999999999999998,,False,0.0
gpt-4.1-mini,direct,digit_to_word,0.9666666666666667,0.9882352941176471,-0.021568627450980427,-0.8960430063569687,0.3702297946017393,0.8332960900859081,0.9940914096183875,0.9581253033716599,0.9967677418553589,0.555344691902609,False,-0.1498499411302734
gpt-4.1-mini,direct,pattern_classification,0.8666666666666667,0.38620689655172413,0.48045977011494256,4.800343124695348,1.583940102320977e-06,0.703186733179637,0.9469034451594526,0.3108705938437442,0.4674169863676649,9.503640613925863e-06,True,1.0528100959055509
gpt-4.1-mini,direct,word_to_digit,1.0,1.0,0.0,,,0.8864866068260311,1.0,0.9779025161963444,0.9999999999999998,,False,0.0
